{
  "train_loss": [
    1.6467138882372316,
    1.060410791930137,
    0.9342121058090558,
    0.88398393750644,
    0.841857153653192,
    0.8159490384076484,
    0.7946345819719844,
    0.7788456043816337,
    0.7572279048963192,
    0.7488687294517633
  ],
  "val_loss": [
    1.319108319214477,
    1.0043521716864647,
    1.0298544589277678,
    0.9676842873262066,
    0.9867671416216414,
    0.8735786240856269,
    0.8649230408849997,
    0.8750403257464364,
    0.8848887928092514,
    0.8363103833116882
  ],
  "train_acc": [
    0.6269011406844106,
    0.8631178707224335,
    0.9115969581749049,
    0.9303707224334601,
    0.9470057034220533,
    0.9524714828897338,
    0.9562737642585551,
    0.9588878326996197,
    0.9700570342205324,
    0.971245247148289
  ],
  "val_acc": [
    0.7621313035204567,
    0.8648905803996194,
    0.8563273073263559,
    0.8924833491912464,
    0.8810656517602283,
    0.9096098953377736,
    0.9105613701236918,
    0.9096098953377736,
    0.9058039961941009,
    0.9210275927687916
  ]
}